{
  "AWSEBDockerrunVersion": 2,
  "volumes": [
    {
      "name": "mariadb",
      "host": {
        "sourcePath": "/var/wp/mariadb"
      }
    },
    {
      "name": "wordpress",
      "host": {
        "sourcePath": "/var/wp/wordpress"
      }
    }
  ],
  "containerDefinitions": [
    {
      "name": "mariadb",
      "image": "mariadb:latest",
      "essential": true,
      "memory": 128,
      "mountPoints": [
        {
          "sourceVolume": "mariadb",
          "containerPath": "/var/lib/mysql",
          "readOnly": false
        }
      ],
      "portMappings": [
        {
          "hostPort": 3306,
          "containerPort": 3306
        }
      ],
      "environment": [
        {
          "name": "MYSQL_USER",
          "value": "root"
        },
        {
          "name": "MYSQL_ROOT_PASSWORD",
          "value": "password"
        },
        {
          "name": "MYSQL_DATABASE",
          "value": "wordpress"
        }
      ]
    },
    {
      "name": "wordpress",
      "image": "wordpress",
      "essential": true,
      "memory": 128,
      "mountPoints": [
        {
          "sourceVolume": "wordpress",
          "containerPath": "/var/www/html",
          "readOnly": false
        }
      ],
      "portMappings": [
        {
          "hostPort": 80,
          "containerPort": 80
        }
      ],
      "links": [
        "mariadb"
      ],
      "environment": [
        {
          "name": "MYSQL_ROOT_PASSWORD",
          "value": "password"
        }
      ]
    }
  ]
}
